Role,Name,Email,Membership Card ID,Membership Card Registration Date,Membership Card Expiration Date,Weight,Height
User,zjonh,zjonh@ws.com,20101001001,2010/11/12,2023/12/12,143,170
User,rzachel,rzachel@ws.com,20101001002,2010/11/13,2023/12/13,120,167
User,petezrl,petezrl@ws.com,20101001003,2010/11/14,2023/12/14,131,166
User,dazna,dazna@ws.com,20101001004,2010/11/15,2023/12/15,173,187
User,alazn,alazn@ws.com,20101001005,2010/11/16,2023/12/16,183,184
User,stezven,stezven@ws.com,20101001006,2010/11/17,2023/12/17,179,192
User,thozmas,thozmas@ws.com,20101001007,2010/11/18,2023/12/18,201,181
User,shezldon,shezldon@ws.com,20101001008,2010/11/19,2023/12/19,113,160
User,Adazm,Adazm@ws.com,20101001009,2010/11/20,2023/12/20,131,172
User,Noezzl,Noezzl@ws.com,20101001010,2010/11/21,2023/12/21,103,167
User,josh,josh@josh.com,2021430333333,2021/4/10,2022/3/15,142,167
,,,,,,,
